{"mean": [64.67400360107422, 64.19400024414062, 64.96600341796875, 69.54000091552734, 69.41999816894531, 67.26599884033203], "std": [17.70287322998047, 18.780744552612305, 17.98345947265625, 17.38713264465332, 18.05257797241211, 17.96928596496582]}